Questions ,Option 1,Option 2,Option 3,Option 4,Answer,Facts
Hindi,,,,,,
,सूरदास के पद,,,,,
,,Level 1,,,,
कक्षा 10 की हिंदी में संकलित 'सूरदास के पद' किस महाकाव्य से लिए गए हैं?,रामचरितमानस,सूरसागर,पद्मावत,साहित्य लहरी,2,"महाकवि सूरदास जी द्वारा रचित ये चारों पद उनके सबसे प्रसिद्ध महाकाव्य 'सूरसागर' के 'भ्रमरगीत' प्रसंग से लिए गए हैं। जब श्रीकृष्ण मथुरा चले गए और स्वयं न लौटकर उद्धव के माध्यम से योग का संदेश भेजा, तब गोपियों और उद्धव के बीच जो संवाद हुआ, उसे ही भ्रमरगीत कहा जाता है। (UP Board 2022, 2024, VIMP)"
गोपियों ने उद्धव को व्यंग्य में क्या कहकर संबोधित किया है?,अभागा,बड़भागी (भाग्यशाली),मूर्ख,ज्ञानी,2,"गोपियों ने उद्धव को 'बड़भागी' (भाग्यवान) कहा है। वास्तव में यह गोपियों का उद्धव पर एक तीखा व्यंग्य है। वे कहना चाहती हैं कि उद्धव श्रीकृष्ण रूपी प्रेम के विशाल सागर के पास रहते हुए भी उनके सच्चे प्रेम से पूरी तरह अछूते हैं, इसलिए असल में उनसे बड़ा अभागा संसार में कोई और नहीं है। (UP Board 2023, MIMP)"
सूरदास जी किस काल और काव्य धारा के सर्वप्रमुख कवि माने जाते हैं?,रीतिकाल,आधुनिक काल,भक्तिकाल (कृष्णभक्ति),आदिकाल,3,"सूरदास जी हिंदी साहित्य में भक्तिकाल की कृष्णभक्ति शाखा के सर्वश्रेष्ठ कवि माने जाते हैं। उनके जीवन का एकमात्र लक्ष्य श्रीकृष्ण की बाल-लीलाओं और उनके प्रेम का अत्यंत मधुर और सजीव वर्णन करना था। साहित्य में उन्हें वात्सल्य और शृंगार रस का सम्राट कहा जाता है, जिनकी रचनाओं में ब्रजभाषा की मिठास है। (UP Board 2022, IMP)"
"गोपियों के अनुसार, उद्धव का व्यवहार जल के भीतर रहने वाले किस पत्ते के समान है?",केले के पत्ते,पीपल के पत्ते,कमल के पत्ते (पुरइनि पात),बरगद के पत्ते,3,"गोपियों ने उद्धव के व्यवहार की तुलना जल के भीतर रहने वाले कमल के पत्ते (पुरइनि पात) से की है। जिस प्रकार कमल का पत्ता हमेशा पानी के भीतर रहता है, लेकिन उस पर पानी की एक भी बूँद नहीं ठहरती, उसी प्रकार उद्धव भी श्रीकृष्ण के पास रहकर उनके प्रेम से बिल्कुल अछूते रह गए हैं। (UP Board 2023, VIMP)"
तेल की गागर' का उदाहरण देकर गोपियों ने उद्धव के किस स्वभाव पर कटाक्ष किया है?,लालची स्वभाव,नीरस और प्रेमहीन स्वभाव,क्रोधी स्वभाव,ज्ञानी स्वभाव,2,"गोपियों ने उद्धव के नीरस स्वभाव पर कटाक्ष करते हुए 'तेल की गागर' का उदाहरण दिया है। वे कहती हैं कि जिस प्रकार तेल से पुती हुई मटकी को पानी में डुबोने पर उस पर पानी की एक बूँद भी नहीं टिकती, वैसे ही उद्धव के हृदय पर भी श्रीकृष्ण के रूप और आकर्षण का कोई असर नहीं हुआ है। (UP Board 2024, MIMP)"
प्रीति-नदी मैं पाऊँ न बोरयौ'—यहाँ 'प्रीति-नदी' (प्रेम की नदी) किसके लिए कहा गया है?,यमुना नदी,गंगा नदी,श्रीकृष्ण,उद्धव,3,"गोपियों ने श्रीकृष्ण को 'प्रीति-नदी' अर्थात प्रेम की नदी कहकर संबोधित किया है। वे उद्धव पर ताना मारते हुए कहती हैं कि तुमने तो प्रेम की नदी रूपी श्रीकृष्ण में कभी अपना पैर तक नहीं डुबोया है, इसलिए तुम प्रेम के गहरे महत्व और बिछुड़ने की पीड़ा को भला कैसे समझ सकते हो। (UP Board 2022, 2023, VIMP)"
गोपियों ने पदों में स्वयं को कैसा बताया है?,अति चतुर और ज्ञानी,अबला और भोरी (भोली-भाली),महान और तपस्विनी,क्रोधित और वाचाल,2,"गोपियाँ स्वयं को अत्यंत कमज़ोर (अबला) और भोली-भाली (भोरी) बताती हैं। उनका मानना है कि वे उद्धव की तरह ज्ञानी और योग-साधना में निपुण नहीं हैं, बल्कि उनका हृदय तो इतना सीधा और भोला है कि वह बहुत आसानी से श्रीकृष्ण के प्रेम के मीठे जाल में उलझ गया है और अब निकल नहीं सकता। (UP Board 2023, IMP)"
गोपियों ने अपनी वर्तमान स्थिति की तुलना गुड़ से लिपटी हुई किससे की है?,मक्खियों से,चींटियों से,मधुमक्खियों से,भँवरे से,2,"गोपियाँ अपनी बेबसी दर्शाते हुए कहती हैं कि जिस प्रकार चींटियाँ गुड़ के आकर्षण में उससे चिपक जाती हैं और फिर अलग न हो पाने के कारण वहीं प्राण त्याग देती हैं, उसी प्रकार हम भी श्रीकृष्ण के प्रेम में इस तरह लीन हो चुकी हैं कि अब उनसे अलग होने की कल्पना भी नहीं कर सकतीं। (UP Board 2022, VIMP)"
मन की मन ही माँझ रही'—इस पंक्ति में गोपियों की कौन-सी पीड़ा झलक रही है?,धन खो जाने की पीड़ा,मन की इच्छाएँ मन में ही दब जाने की पीड़ा,बीमार होने की पीड़ा,उद्धव से हार जाने की पीड़ा,2,"मन की मन ही माँझ रही' का अर्थ है मन की इच्छाएँ मन में ही दबकर रह जाना। गोपियों ने सोचा था कि जब श्रीकृष्ण मथुरा से लौटेंगे, तो वे अपने विरह की सारी पीड़ा उनसे कहेंगी। लेकिन कृष्ण के न आने से उनकी सारी इच्छाएँ और बातें मन के भीतर ही दबकर रह गईं। (UP Board 2023, MIMP)"
गोपियाँ किस उम्मीद (अवधि) के सहारे अपने तन-मन की व्यथा (पीड़ा) को सह रही थीं?,उद्धव के जाने की उम्मीद,श्रीकृष्ण के वापस लौट आने की उम्मीद,मथुरा जाने की उम्मीद,युद्ध जीतने की उम्मीद,2,"श्रीकृष्ण जब मथुरा गए थे, तो वे गोपियों को वापस लौटने का वचन देकर गए थे। इसी लौटने की समय-सीमा (अवधि) को गोपियों ने अपने जीवन का आधार बना रखा था। इसी उम्मीद के सहारे वे अपने तन और मन के सारे कष्ट और विरह की पीड़ा को चुपचाप सहन कर रही थीं। (UP Board 2024, VIMP)"
श्रीकृष्ण ने मथुरा से अपने दूत (मैसेंजर) के रूप में किसे गोकुल भेजा था?,अक्रूर जी को,बलराम जी को,उद्धव जी को,सुदामा जी को,3,"मथुरा जाने के बाद श्रीकृष्ण बहुत समय तक गोकुल वापस नहीं लौट पाए। इसलिए उन्होंने अपने अत्यंत ज्ञानी और योग-मार्ग के जानकार मित्र 'उद्धव' को दूत बनाकर भेजा, ताकि वे गोपियों को समझा सकें और उन्हें सगुण भक्ति छोड़कर निर्गुण ब्रह्म की साधना करने का योग संदेश दे सकें। (UP Board 2022, IMP)"
उद्धव द्वारा लाए गए 'जोग-संदेसनि' (योग संदेश) को सुनकर गोपियों पर क्या असर हुआ?,वे बहुत खुश हुईं,उनकी विरहाग्नि और अधिक भड़क उठी,वे ध्यान में बैठ गईं,उनका क्रोध शांत हो गया,2,"गोपियाँ पहले से ही श्रीकृष्ण से अलग होने की आग में जल रही थीं। ऐसे में जब उद्धव ने उन्हें कृष्ण को भूलकर निर्गुण ब्रह्म का योग करने का संदेश दिया, तो उनकी पीड़ा शांत होने के बजाय उस आग में घी पड़ने की तरह और अधिक भड़क उठी और उनका दुःख बढ़ गया। (UP Board 2023, 2024, MIMP)"
"मरजादा न लही' पंक्ति के अनुसार, श्रीकृष्ण ने किस चीज़ की मर्यादा नहीं रखी?",समाज की मर्यादा,राजनीति की मर्यादा,प्रेम की मर्यादा,धर्म की मर्यादा,3,"मरजादा न लही' के माध्यम से गोपियों ने कहा है कि प्रेम का नियम 'प्रेम के बदले प्रेम' देना है। लेकिन श्रीकृष्ण ने उनके सच्चे प्रेम के बदले रूखा योग-संदेश भेजकर प्रेम की सभी मर्यादाओं को तोड़ दिया है। जब कृष्ण ने ही मर्यादा नहीं रखी, तो गोपियाँ धैर्य क्यों धारण करें। (UP Board 2022, VIMP)"
हमारैं हरि हारिल की लकरी'—गोपियों ने 'हारिल की लकड़ी' किसे कहा है?,स्वयं को,उद्धव को,श्रीकृष्ण को,योग संदेश को,3,"गोपियों ने श्रीकृष्ण को अपने जीवन की 'हारिल की लकड़ी' कहा है। 'हारिल' एक ऐसा पक्षी है जो हमेशा अपने पंजों में एक लकड़ी मजबूती से पकड़े रहता है। इसी तरह गोपियों ने भी मन, कर्म और वचन से श्रीकृष्ण को अपने हृदय में दृढ़ता से बसा लिया है और उन्हें अपना एकमात्र सहारा मानती हैं। (UP Board 2024, MIMP)"
गोपियों को उद्धव का 'योग' (जोग) शब्द सुनते ही कैसा महसूस होता है?,अमृत के समान मीठा,कड़वी ककड़ी (करुई ककरी) के समान,स्वादिष्ट फल के समान,जल के समान शीतल,2,"गोपियाँ श्रीकृष्ण के सगुण रूप और प्रेम की दीवानी हैं। इसलिए जब उद्धव उन्हें निर्गुण और निराकार ब्रह्म का 'योग' सिखाते हैं, तो उन्हें यह बात बिल्कुल 'कड़वी ककड़ी' (करुई ककरी) की तरह अरुचिकर लगती है। जिस तरह कड़वी ककड़ी को निगला नहीं जा सकता, वैसे ही वे इस योग को नहीं अपना सकतीं। (UP Board 2023, VIMP)"
पदों में प्रयुक्त शब्द 'व्याधि' (ब्याधि) का सही अर्थ क्या है?,शिकारी,औषधि (दवा),रोग या भयंकर बीमारी,क्रोध,3,"व्याधि' का अर्थ है रोग या बीमारी। गोपियों ने उद्धव के योग-संदेश को एक ऐसी भयंकर व्याधि कहा है, जिसे उन्होंने पहले कभी न देखा और न सुना। वे कहती हैं कि यह योग की बीमारी उन्हें सौंप दो जिनका मन 'चकरी' की तरह गोल-गोल घूमता रहता है और एक जगह पर कभी नहीं टिकता। (UP Board 2022, 2024, IMP)"
हरि हैं राजनीति पढ़ि आए'—इस पंक्ति में गोपियों ने श्रीकृष्ण पर क्या व्यंग्य किया है?,वे बहुत दयालु हो गए हैं,वे राजनीतिज्ञों की तरह छल-कपट करने लगे हैं,वे चुनाव लड़ रहे हैं,वे राजा बन गए हैं,2,"गोपियाँ व्यंग्य कसते हुए कहती हैं कि श्रीकृष्ण तो पहले से ही अत्यंत चतुर थे, लेकिन अब उन्होंने मथुरा जाकर 'राजनीति' का शास्त्र भी पढ़ लिया है। इसी कारण वे नेताओं की तरह छल-कपट और चालाकी करने लगे हैं और सीधे न आकर बातों को घुमा-फिरा कर उद्धव के जरिए संदेश भेज रहे हैं। (UP Board 2023, MIMP)"
गोपियों ने पदों में 'मधुकर' (भँवरा) शब्द का प्रयोग किसके लिए किया है?,श्रीकृष्ण के लिए,कंस के लिए,उद्धव के लिए,स्वयं के लिए,3,"जब गोपियाँ और उद्धव बात कर रहे थे, तभी वहाँ एक भँवरा आ गया। गोपियों ने उस काले भँवरे (मधुकर) को माध्यम बनाकर उद्धव पर अप्रत्यक्ष रूप से तीखे व्यंग्य बाण छोड़े। इसीलिए सूरसागर के इस पूरे प्रसंग को साहित्य में 'भ्रमरगीत' के नाम से जाना जाता है, जो इसकी सबसे बड़ी विशेषता है। (UP Board 2022, VIMP)"
गोपियाँ श्रीकृष्ण से अब वापस क्या पाना (फेर पाइहैं) चाहती हैं?,अपने गहने,अपना चुराया हुआ मन (हृदय),अपना माखन,मथुरा का राज्य,2,"गोपियाँ उद्धव से कहती हैं कि हमें कृष्ण से अब और कुछ नहीं चाहिए, बस वे जब मथुरा जाते समय हमारा जो मन (हृदय) अपने साथ चुरा कर ले गए थे, वह हमें चुपचाप वापस लौटा दें। कृष्ण अन्याय कर रहे हैं, जबकि एक राजा का सच्चा धर्म प्रजा को कभी न सताना होता है। (UP Board 2024, MIMP)"
पुरइनि पात रहत जल भीतर'—इस पंक्ति में मुख्य रूप से कौन-सा अलंकार प्रयुक्त हुआ है?,यमक अलंकार,अनुप्रास अलंकार (प वर्ण की आवृत्ति),उपमा अलंकार,श्लेष अलंकार,2,"पुरइनि पात रहत जल भीतर' पंक्ति में 'पुरइनि' और 'पात' शब्दों में लगातार 'प' वर्ण की आवृत्ति (दुहराव) हुई है। काव्य-शास्त्र के नियमों के अनुसार जहाँ एक ही वर्ण या अक्षर बार-बार आता है, वहाँ 'अनुप्रास अलंकार' होता है, जो ब्रजभाषा के इस पद में एक विशेष प्रकार की संगीतात्मकता और सुंदरता उत्पन्न करता है। (UP Board 2023, VIMP)"
English,,,,,,
,A Letter to God,,,,,
,,Level 1,,,,
"Who is the author of the lesson ""A Letter to God""?",G.L. Fuentes,Nelson Mandela,Anne Frank,Robert Frost,1,"जी. एल. फ्यूएंटस एक प्रसिद्ध मैक्सिकन लेखक और पत्रकार हैं जिन्होंने 'A Letter to God' कहानी लिखी है। इस कहानी में उन्होंने एक गरीब और मेहनती किसान लेंचो के भगवान के प्रति अटूट विश्वास और उसकी मासूमियत का बहुत ही मार्मिक वर्णन किया है। (UP Board 2022, 2023, VIMP)"
Where was Lencho's house situated?,In a crowded city,On the crest of a low hill,In a deep forest,Near a river,2,"लेंचो का घर पूरी घाटी में अकेला था और वह एक निचली पहाड़ी की चोटी (crest of a low hill) पर स्थित था। इस ऊँचाई से वह अपनी पकी हुई मक्के की फसल और बहती हुई नदी को बहुत आसानी से देख सकता था। (UP Board 2023, MIMP)"
What did Lencho's field of ripe corn need?,Strong sunlight,Chemical fertilizer,A downpour or a shower,Pesticide,3,"लेंचो की मक्के की फसल खेतों में बहुत अच्छी तरह लहलहा रही थी, बस उसे अच्छी तरह पकने के लिए एक भारी बारिश (downpour) या कम से कम एक हल्की बौछार (shower) की सख्त जरूरत थी ताकि पैदावार अच्छी हो सके। (UP Board 2022, IMP)"
What did Lencho compare the large raindrops to?,Pearls,New coins,Diamonds,Silver,2,"जब बारिश शुरू हुई, तो लेंचो ने खुशी से बारिश की बूंदों की तुलना 'नए सिक्कों' (New coins) से की। उसने बड़ी बूंदों को 10 सेंट और छोटी बूंदों को 5 सेंट का सिक्का कहा क्योंकि इसी बारिश से उसे अच्छी फसल और पैसे मिलने वाले थे। (UP Board 2023, VIMP)"
Which crop was growing on Lencho's field?,Wheat,Rice,Corn,Sugarcane,3,"लेंचो एक बेहद परिश्रमी किसान था और उसके खेत में मक्के (Corn) की फसल उगाई गई थी। फसल में फूल आ चुके थे जो इस बात का संकेत थे कि इस बार मक्के की पैदावार बहुत ही शानदार होने वाली है। (UP Board 2022, MIMP)"
What destroyed Lencho's crop completely?,Flood,Drought,Hailstorm,Locusts,3,"बारिश के साथ अचानक बहुत तेज हवा चलने लगी और आसमान से बड़े-बड़े ओले (Hailstones) गिरने लगे। यह भयंकर ओलावृष्टि (Hailstorm) लगभग एक घंटे तक चली, जिसने लेंचो की पूरी मक्के की फसल को पूरी तरह से नष्ट कर दिया। (UP Board 2022, 2024, VIMP)"
How much money did Lencho demand from God?,50 pesos,70 pesos,100 pesos,1000 pesos,3,"जब लेंचो की सारी फसल ओलों से बर्बाद हो गई, तो उसने अपने परिवार का पेट पालने और अगली फसल बोने के लिए एक पत्र लिखकर भगवान से 100 पेसो (लैटिन अमेरिकी मुद्रा) की आर्थिक मदद मांगी थी। (UP Board 2022, 2023, MIMP)"
Who read the letter addressed to God first?,The postman,The postmaster,His wife,The village head,1,"लेंचो ने पत्र पर 'To God' लिखा था। जब वह पत्र डाकघर पहुँचा, तो सबसे पहले उसे डाकिए (Postman) ने देखा। भगवान के नाम का यह अजीबोगरीब पता देखकर वह जोर-जोर से हँसने लगा और पत्र अपने बॉस (पोस्टमास्टर) के पास ले गया। (UP Board 2023, IMP)"
What was the postmaster's immediate reaction upon seeing the letter?,He cried,He laughed heartily,He got angry,He felt sad,2,"जब डाकिए ने पोस्टमास्टर को 'भगवान के नाम' वाला वह पत्र दिखाया, तो एक मोटा और हंसमुख इंसान होने के कारण पोस्टमास्टर भी पहले जोर-जोर से हँसने (laughed heartily) लगा। लेकिन फिर वह लेंचो का विश्वास देखकर तुरंत गंभीर भी हो गया। (UP Board 2024, MIMP)"
Why did the postmaster decide to reply to Lencho's letter?,To make fun of him,To scold him,To preserve Lencho's faith in God,For publicity,3,"पोस्टमास्टर लेंचो के भगवान के प्रति इस गहरे और अटूट विश्वास से बहुत ज्यादा प्रभावित हुआ था। वह नहीं चाहता था कि एक मासूम इंसान का ईश्वर पर से भरोसा उठे, इसलिए उसने पत्र का जवाब देने और पैसे भेजने का फैसला किया। (UP Board 2022, 2023, VIMP)"
How much money was the postmaster able to arrange?,50 pesos,70 pesos,100 pesos,10 pesos,2,"पोस्टमास्टर ने अपनी सैलरी का एक हिस्सा दिया और अपने कर्मचारियों व दोस्तों से दान माँगा। लाख कोशिशों के बाद भी वह केवल 70 पेसो (70 pesos) ही इकट्ठा कर पाया, जो कि लेंचो द्वारा मांगे गए 100 पेसो से कम थे। (UP Board 2023, 2024, MIMP)"
How did Lencho feel when he counted the money?,Very happy,Frightened,Angry,Surprised,3,"लिफाफा खोलकर जब लेंचो ने पैसे गिने तो वह खुश होने के बजाय बहुत क्रोधित (Angry) हो गया। क्योंकि उसमें 100 की जगह केवल 70 पेसो थे। उसे पूरा यकीन था कि भगवान न तो पैसे कम भेज सकते हैं और न ही गिनने में गलती कर सकते हैं। (UP Board 2022, VIMP)"
What did Lencho call the post office employees?,Messengers of God,Good human beings,A bunch of crooks,Friends,3,"लेंचो को पूरा विश्वास था कि भगवान ने 100 पेसो ही भेजे होंगे, लेकिन डाकघर के कर्मचारियों ने 30 पेसो चुरा लिए हैं। इसलिए उसने अपने दूसरे पत्र में उन कर्मचारियों को 'ठगों का समूह' (A bunch of crooks) कहकर पुकारा। (UP Board 2022, 2023, 2024, VIMP)"
What was the only hope left in the hearts of Lencho's family?,Help from government,Help from God,Help from neighbors,Bank loan,2,"ओलावृष्टि के बाद जब लेंचो का सब कुछ नष्ट हो गया था, तब उस सुनसान घाटी में रहने वाले उसके परिवार के दिलों में एकमात्र उम्मीद बची थी - 'भगवान से मदद' (Help from God), क्योंकि उनका मानना था कि भगवान किसी को भूखा नहीं मरने देते। (UP Board 2023, IMP)"
To whom did Lencho write his second letter?,The postmaster,To God,The President,The village head,2,"जब लेंचो को लिफाफे में केवल 70 पेसो मिले, तो उसे लगा कि डाकघर वालों ने पैसे निकाल लिए हैं। इसकी शिकायत करने और बाकी बचे पैसे मांगने के लिए उसने तुरंत खिड़की से कागज-कलम मांगा और भगवान को अपना दूसरा पत्र लिखा। (UP Board 2024, MIMP)"
What did Lencho request God in his second letter?,Not to send the rest of the money through the mail,To send more rain,To give him a new house,To punish the postman,1,"लेंचो ने अपने दूसरे पत्र में भगवान से निवेदन किया कि बाकी बचे हुए 30 पेसो भी उसे जल्द भेज दें, लेकिन इस बार पैसे डाक (Mail) के माध्यम से न भेजें क्योंकि डाकघर के कर्मचारी बेईमान और ठग हैं। (UP Board 2023, VIMP)"
What kind of person was the postmaster?,Angry and thin,Amiable and fat,Miser,Selfish,2,"पाठ के अनुसार, पोस्टमास्टर एक मोटा और बहुत ही मिलनसार व हंसमुख (Amiable and fat) इंसान था। वह दूसरों की भावनाओं की कद्र करने वाला एक सहृदय व्यक्ति था, जिसने लेंचो का विश्वास बनाए रखने के लिए अपनी जेब से पैसे दिए। (UP Board 2022, IMP)"
How did Lencho work in his fields?,Like a machine,Like a lazy man,Like an animal (an ox of a man),Like a king,3,"लेंचो कोई साधारण किसान नहीं था। वह बहुत ही ज्यादा परिश्रमी और मेहनती व्यक्ति था जो अपने खेतों में एक बैल (An ox of a man / Like an animal) की तरह दिन-रात कड़ी मेहनत करता था, फिर भी वह लिखना-पढ़ना जानता था। (UP Board 2024, MIMP)"
"After the hailstorm, the field looked as if it was covered with...",A white sheet,Salt,Cotton,Ice,2,"भयंकर ओलावृष्टि के बाद लेंचो का पूरा खेत ओलों से ढककर एकदम सफेद हो गया था। दूर से देखने पर वह दृश्य ऐसा लग रहा था मानो पूरे खेत को किसी ने नमक (Salt) की एक मोटी चादर से ढक दिया हो। (UP Board 2023, MIMP)"
What did the postmaster write as a signature on the letter?,Postmaster,His own name,God,Well-wisher,3,"पोस्टमास्टर ने 70 पेसो को एक लिफाफे में डाला और उस पर हस्ताक्षर (Signature) के रूप में केवल एक ही शब्द लिखा - 'भगवान' (God)। ऐसा उसने इसलिए किया ताकि लेंचो को पूरा यकीन हो जाए कि ये पैसे सच में भगवान ने ही भेजे हैं। (UP Board 2022, 2024, VIMP)"